TIME_SPAN	DNS
0	8820.0
1	14116.0
2	4470.0
3	6393.0
4	7075.0
5	6595.0
6	1219.0
7	911.0
8	1963.0
9	0
10	0
11	0
12	0
13	0
14	0
15	0
16	0
17	0
18	0
19	0
20	0
21	0
22	0
23	0
24	0
25	0
26	0
27	0
28	0
29	0
30	0
31	0
32	0
33	0
34	0
35	0
36	0
37	0
38	0
39	0
40	0
41	701.0
42	0
43	0
44	0
45	0
46	0
47	0
48	0
49	0
50	0
51	0
52	0
53	0
54	0
55	0
56	0
57	0
58	0
59	0
60	0
61	0
62	0
63	0
64	0
65	0
66	0
67	722.0
68	0
69	840.0
70	0
71	0
72	1108.0
73	5886.0
74	5021.0
75	0
76	0
77	540.0
78	0
79	0
80	0
81	0
82	0
83	0
84	0
85	0
